{
    "temp": {
        "feverThreshold": 37.5,
        "normalColor": "#198754",
        "feverColor": "#dc3545"
    },
    "sys": {
        "low": 90,
        "high": 140,
        "lowColor": "#ffc107",
        "normalColor": "#198754",
        "highColor": "#dc3545"
    },
    "dia": {
        "low": 60,
        "high": 90,
        "lowColor": "#ffc107",
        "normalColor": "#198754",
        "highColor": "#dc3545"
    },
    "bmi": {
        "lowColor": "#ffc107",
        "normalColor": "#198754",
        "highColor": "#ffc107",
        "dangerColor": "#dc3545"
    },
    "pulse": {
        "normalColor": "#31b800"
    }
}